date,high,low,open,close,volume
2019-09-18 16:00:00,301.1200,300.8800,300.9200,301.1000,2610142
2019-09-18 15:55:00,301.1150,300.7800,301.0700,300.9300,1530074
2019-09-18 15:50:00,301.2200,300.8700,301.1100,301.0750,1008201
2019-09-18 15:45:00,301.1100,300.7900,300.8371,301.1099,1331334
2019-09-18 15:40:00,300.8600,300.6800,300.8600,300.8300,1685182
2019-09-18 15:35:00,300.8300,300.0400,300.0800,300.8100,2018739
2019-09-18 15:30:00,300.0700,299.8600,299.8800,300.0100,927824
2019-09-18 15:25:00,299.9900,299.7300,299.8517,299.8800,2472039
2019-09-18 15:20:00,299.8800,299.4900,299.5600,299.8500,894520
2019-09-18 15:15:00,299.6800,299.4950,299.5200,299.5450,3096953
2019-09-18 15:10:00,299.4200,299.0400,299.0400,299.3900,1270452
2019-09-18 15:05:00,299.1360,298.9400,299.0700,299.0400,1907093
2019-09-18 15:00:00,299.2800,298.9900,299.1700,299.0700,1335248
2019-09-18 14:55:00,299.1700,298.7900,298.7900,299.1600,1801964
2019-09-18 14:50:00,299.1800,298.5000,298.9300,298.5700,4129627
2019-09-18 14:45:00,299.0300,298.5500,298.6200,298.9300,2720779
2019-09-18 14:40:00,298.8700,298.5380,298.7500,298.6500,2057417
2019-09-18 14:35:00,298.9700,298.4900,298.5600,298.9700,1622858
2019-09-18 14:30:00,298.8900,298.6700,298.8350,298.7800,722093
2019-09-18 14:25:00,298.9900,298.5700,298.5700,298.8350,1128360
2019-09-18 14:20:00,299.2000,298.5800,298.7700,298.8250,2086006
2019-09-18 14:15:00,299.7800,298.8400,299.7300,298.8400,2001689
2019-09-18 14:10:00,300.5200,299.7300,299.9900,299.7300,1786468
2019-09-18 14:05:00,300.4800,299.4280,300.4600,299.9400,4079514
2019-09-18 14:00:00,300.1900,300.1000,300.1000,300.1500,524310
2019-09-18 13:55:00,300.1700,299.9800,299.9850,300.1699,676436
2019-09-18 13:50:00,300.0000,299.9430,299.9900,299.9850,241690
2019-09-18 13:45:00,299.9950,299.8900,299.9200,299.9819,777321
2019-09-18 13:40:00,299.9350,299.6200,299.7600,299.9200,804637
2019-09-18 13:35:00,299.7700,299.6600,299.6800,299.7600,405050
2019-09-18 13:30:00,299.7800,299.6600,299.7600,299.6900,380724
2019-09-18 13:25:00,299.9000,299.8550,299.8641,299.8600,211505
2019-09-18 13:20:00,299.9200,299.8600,299.8800,299.8600,386025
2019-09-18 13:15:00,299.9100,299.8300,299.9000,299.8800,369238
2019-09-18 13:10:00,299.9250,299.8800,299.9000,299.9100,288877
2019-09-18 13:05:00,300.0200,299.8700,300.0100,299.9450,608403
2019-09-18 13:00:00,300.1000,300.0100,300.1000,300.0116,222448
2019-09-18 12:55:00,300.1600,300.0700,300.1350,300.0945,345666
2019-09-18 12:50:00,300.1550,300.1050,300.1400,300.1300,170179
2019-09-18 12:45:00,300.1500,300.1200,300.1500,300.1300,224486
2019-09-18 12:40:00,300.2180,300.1900,300.2100,300.1900,212333
2019-09-18 12:35:00,300.2200,300.1500,300.1550,300.2000,149147
2019-09-18 12:30:00,300.1500,300.1200,300.1250,300.1500,82847
2019-09-18 12:25:00,300.1600,300.0800,300.1000,300.1264,333733
2019-09-18 12:20:00,300.1300,300.0850,300.0950,300.1100,643356
2019-09-18 12:15:00,300.1700,300.0600,300.1700,300.0965,167978
2019-09-18 12:10:00,300.2000,300.1200,300.1350,300.1600,160825
2019-09-18 12:05:00,300.2200,300.1400,300.1900,300.1400,386772
2019-09-18 12:00:00,300.1300,300.0800,300.0900,300.1000,71533
2019-09-18 11:55:00,300.1000,300.0600,300.0850,300.0900,314244
2019-09-18 11:50:00,300.0900,300.0400,300.0600,300.0900,221587
2019-09-18 11:45:00,300.0700,300.0400,300.0650,300.0650,270583
2019-09-18 11:40:00,300.1000,300.0400,300.0900,300.0665,256848
2019-09-18 11:35:00,300.1600,300.0550,300.1400,300.0800,270659
2019-09-18 11:30:00,300.2000,300.1400,300.1750,300.1400,326383
2019-09-18 11:25:00,300.2600,300.1508,300.2050,300.1800,152042
2019-09-18 11:20:00,300.2300,300.1100,300.1600,300.2056,324630
2019-09-18 11:15:00,300.2300,300.1600,300.1950,300.1650,232216
2019-09-18 11:10:00,300.2000,300.1300,300.1850,300.1650,591787
2019-09-18 11:05:00,300.2900,300.1900,300.2700,300.1900,236911
2019-09-18 11:00:00,300.3500,300.2100,300.2200,300.2800,563008
2019-09-18 10:55:00,300.3100,300.2000,300.3016,300.2300,274145
2019-09-18 10:50:00,300.4550,300.2900,300.4100,300.3016,244053
2019-09-18 10:45:00,300.4800,300.4100,300.4200,300.4200,250434
2019-09-18 10:40:00,300.5400,300.4200,300.4500,300.4200,406637
2019-09-18 10:35:00,300.4900,300.4200,300.4250,300.4400,527961
2019-09-18 10:30:00,300.5100,300.4000,300.4000,300.5100,341238
2019-09-18 10:25:00,300.4100,300.3100,300.3500,300.4100,143005
2019-09-18 10:20:00,300.4000,300.2800,300.3900,300.3500,725249
2019-09-18 10:15:00,300.3000,300.2300,300.3000,300.2800,499992
2019-09-18 10:10:00,300.2983,300.1200,300.1600,300.2983,318947
2019-09-18 10:05:00,300.1650,300.1100,300.1200,300.1650,549916
2019-09-18 10:00:00,300.2200,300.0400,300.0700,300.1600,792083
2019-09-18 09:55:00,300.0900,299.9700,300.0750,300.0630,390197
2019-09-18 09:50:00,300.1300,300.0300,300.0600,300.0700,524295
2019-09-18 09:45:00,300.2400,300.1000,300.2400,300.1300,540847
2019-09-18 09:40:00,300.2400,299.9800,300.1400,300.2400,1165500
2019-09-18 09:35:00,300.5800,300.0900,300.4900,300.1500,2074107
2019-09-17 16:00:00,300.9700,300.9050,300.9500,300.9400,1960970
2019-09-17 15:55:00,300.9698,300.8100,300.9300,300.9500,1266607
2019-09-17 15:50:00,300.9700,300.8400,300.8800,300.9250,781615
2019-09-17 15:45:00,300.8900,300.7500,300.7900,300.8900,649185
2019-09-17 15:40:00,300.8150,300.5600,300.5850,300.7900,666048
2019-09-17 15:35:00,300.6200,300.4100,300.4350,300.5900,790866
2019-09-17 15:30:00,300.4500,300.2400,300.2500,300.4400,432473
2019-09-17 15:25:00,300.3000,300.1600,300.1899,300.2400,890642
2019-09-17 15:20:00,300.2700,300.1600,300.2200,300.1800,615401
2019-09-17 15:15:00,300.3200,300.2100,300.3000,300.2200,137815
2019-09-17 15:10:00,300.3500,300.2200,300.2230,300.2923,305917
2019-09-17 15:05:00,300.3400,300.2200,300.2900,300.2200,363923
2019-09-17 15:00:00,300.3300,300.2600,300.3300,300.2900,200714
2019-09-17 14:55:00,300.3450,300.3200,300.3400,300.3300,598999
2019-09-17 14:50:00,300.3600,300.3100,300.3150,300.3500,180552
2019-09-17 14:45:00,300.3500,300.2100,300.2200,300.3200,272853
2019-09-17 14:40:00,300.2800,300.1802,300.2500,300.2150,184746
2019-09-17 14:35:00,300.2600,300.1900,300.1950,300.2350,290685
2019-09-17 14:30:00,300.2100,300.1300,300.1574,300.2000,774271
2019-09-17 14:25:00,300.2500,300.1200,300.2400,300.1500,161649
2019-09-17 14:20:00,300.2750,300.2300,300.2300,300.2300,171135
2019-09-17 14:15:00,300.3850,300.1900,300.3200,300.2400,572704
2019-09-17 14:10:00,300.4950,300.1800,300.4650,300.3200,596865
2019-09-17 14:05:00,300.5600,300.2800,300.2800,300.4700,759476
2019-09-17 14:00:00,300.2900,300.2300,300.2500,300.2900,1006427
2019-09-17 13:55:00,300.3200,300.2200,300.2300,300.2400,335183
2019-09-17 13:50:00,300.2700,300.1750,300.1900,300.2300,263717
2019-09-17 13:45:00,300.2300,300.0900,300.1400,300.1900,130186
2019-09-17 13:40:00,300.1600,300.1300,300.1350,300.1500,114504
2019-09-17 13:35:00,300.1700,300.0800,300.0900,300.1400,107929
2019-09-17 13:30:00,300.2200,300.0800,300.2100,300.1000,198541
2019-09-17 13:25:00,300.2500,300.1900,300.2100,300.2100,218272
2019-09-17 13:20:00,300.2300,300.0700,300.0800,300.2002,160308
2019-09-17 13:15:00,300.1200,300.0300,300.0400,300.0900,95216
2019-09-17 13:10:00,300.0550,299.9700,299.9900,300.0300,161649
2019-09-17 13:05:00,300.0200,299.9600,300.0000,299.9997,269627
2019-09-17 13:00:00,300.0000,299.9650,300.0000,300.0000,439682
2019-09-17 12:55:00,300.0900,299.9600,300.0400,300.0000,209678
2019-09-17 12:50:00,300.0700,300.0200,300.0400,300.0399,84836
2019-09-17 12:45:00,300.1000,299.9600,299.9600,300.0400,247233
2019-09-17 12:40:00,300.1000,299.9300,300.0900,299.9600,468202
2019-09-17 12:35:00,300.1375,300.0500,300.1300,300.0800,581522
2019-09-17 12:30:00,300.1200,300.0300,300.0700,300.1200,190373
2019-09-17 12:25:00,300.1350,300.0400,300.1200,300.0800,188282
2019-09-17 12:20:00,300.1930,300.1250,300.1400,300.1250,298988
2019-09-17 12:15:00,300.2100,300.1400,300.1800,300.1400,400802
2019-09-17 12:10:00,300.4450,300.1500,300.3400,300.1800,313011
2019-09-17 12:05:00,300.3600,300.2800,300.2950,300.3300,382579
2019-09-17 12:00:00,300.3900,300.2500,300.3500,300.2900,196110
2019-09-17 11:55:00,300.3850,300.3200,300.3600,300.3500,191866
2019-09-17 11:50:00,300.4400,300.3800,300.3800,300.3800,398718
2019-09-17 11:45:00,300.4600,300.3600,300.4400,300.3950,171154
2019-09-17 11:40:00,300.4700,300.2600,300.2800,300.4400,202233
2019-09-17 11:35:00,300.3800,300.2550,300.2700,300.2900,278755
2019-09-17 11:30:00,300.5400,300.2300,300.5100,300.2700,418000
2019-09-17 11:25:00,300.5700,300.1400,300.1700,300.5100,457324
2019-09-17 11:20:00,300.4000,300.1300,300.2320,300.1750,637639
2019-09-17 11:15:00,300.3300,300.1600,300.3000,300.2350,709012
2019-09-17 11:10:00,300.3200,300.2400,300.2700,300.2900,322238
2019-09-17 11:05:00,300.3400,299.9700,299.9800,300.2600,358613
2019-09-17 11:00:00,300.1000,299.9700,300.0400,299.9700,345724
2019-09-17 10:55:00,300.1300,300.0400,300.0800,300.0400,251654
2019-09-17 10:50:00,300.2600,300.0800,300.1950,300.0850,595293
2019-09-17 10:45:00,300.3000,300.1900,300.2650,300.1900,187245
2019-09-17 10:40:00,300.3300,300.1600,300.3050,300.2700,291309
2019-09-17 10:35:00,300.3600,300.1600,300.1650,300.3100,510290
2019-09-17 10:30:00,300.2500,300.0100,300.0200,300.1700,413697
2019-09-17 10:25:00,300.1400,299.9950,300.1100,300.0100,553389
2019-09-17 10:20:00,300.2200,300.0100,300.0100,300.1100,343385
2019-09-17 10:15:00,300.0200,299.8550,299.9700,300.0100,558798
2019-09-17 10:10:00,300.0400,299.9000,300.0100,299.9600,457782
2019-09-17 10:05:00,300.2300,299.9600,300.1550,300.0100,556876
2019-09-17 10:00:00,300.3200,299.9600,300.0300,300.1500,573213
2019-09-17 09:55:00,300.2200,299.8700,300.1600,300.0300,590250
2019-09-17 09:50:00,300.1900,299.8700,299.9600,300.1666,1047881
2019-09-17 09:45:00,300.3900,299.8700,300.1900,299.9600,1053968
2019-09-17 09:40:00,300.2000,299.7900,300.0000,300.2000,1028061
2019-09-17 09:35:00,300.2300,299.7500,299.9400,300.0100,1204308
2019-09-16 16:00:00,300.2250,300.0950,300.1100,300.1600,2259665
2019-09-16 15:55:00,300.1800,299.9800,300.0300,300.1000,1986789
2019-09-16 15:50:00,300.2500,300.0200,300.1000,300.0200,685474
2019-09-16 15:45:00,300.1500,299.9900,300.1100,300.1000,740978
2019-09-16 15:40:00,300.2300,300.0400,300.1450,300.1100,468570
2019-09-16 15:35:00,300.1490,300.0400,300.0800,300.1450,449303
2019-09-16 15:30:00,300.2300,300.0200,300.1450,300.0789,604384
2019-09-16 15:25:00,300.3000,300.0700,300.2700,300.1500,1260642
2019-09-16 15:20:00,300.4000,300.2300,300.3900,300.2800,430658
2019-09-16 15:15:00,300.4300,300.0900,300.0900,300.3800,480989
2019-09-16 15:10:00,300.2150,300.0400,300.2000,300.0900,1346036
2019-09-16 15:05:00,300.3300,300.1850,300.2400,300.1950,455805
2019-09-16 15:00:00,300.2500,300.2100,300.2400,300.2400,255501
2019-09-16 14:55:00,300.2600,300.2100,300.2236,300.2500,315170
2019-09-16 14:50:00,300.2200,300.1100,300.1300,300.2150,439528
2019-09-16 14:45:00,300.2500,300.0900,300.1150,300.1300,315584
2019-09-16 14:40:00,300.1900,300.0950,300.1700,300.1100,212653
2019-09-16 14:35:00,300.2900,300.1400,300.2800,300.1850,946673
2019-09-16 14:30:00,300.3250,300.1800,300.2050,300.2800,421476
2019-09-16 14:25:00,300.2050,300.1700,300.1850,300.2050,804132
2019-09-16 14:20:00,300.2000,300.0350,300.0500,300.1890,401532
2019-09-16 14:15:00,300.1600,300.0300,300.0800,300.0600,855663
2019-09-16 14:10:00,300.2516,300.0400,300.2500,300.0700,455997
2019-09-16 14:05:00,300.3700,300.2500,300.2600,300.2500,396496
2019-09-16 14:00:00,300.2800,300.1800,300.1900,300.2600,364968
2019-09-16 13:55:00,300.2600,300.0000,300.0900,300.1950,457937
2019-09-16 13:50:00,300.1194,300.0100,300.0800,300.0832,363736
2019-09-16 13:45:00,300.1600,300.0500,300.0600,300.0850,337275
2019-09-16 13:40:00,300.1000,300.0050,300.0550,300.0500,532648
2019-09-16 13:35:00,300.1600,300.0550,300.0800,300.0600,315117
2019-09-16 13:30:00,300.1500,300.0500,300.0800,300.0900,389465
2019-09-16 13:25:00,300.1400,300.0600,300.0900,300.0900,544762
2019-09-16 13:20:00,300.1450,300.0200,300.0450,300.1000,440498
2019-09-16 13:15:00,300.0600,300.0300,300.0436,300.0600,252425
2019-09-16 13:10:00,300.0500,299.9300,299.9800,300.0450,652289
2019-09-16 13:05:00,299.9600,299.8550,299.8950,299.9600,280419
2019-09-16 13:00:00,299.9800,299.8400,299.9400,299.8900,271794
2019-09-16 12:55:00,300.0200,299.8350,299.8350,299.9434,588423
2019-09-16 12:50:00,299.8400,299.6300,299.6550,299.8400,484212
2019-09-16 12:45:00,299.8700,299.6330,299.8550,299.6500,606508
2019-09-16 12:40:00,299.8700,299.7150,299.7850,299.8700,739588
2019-09-16 12:35:00,299.9500,299.7800,299.8200,299.8000,3112762
2019-09-16 12:30:00,299.8100,299.6800,299.6900,299.8100,533358
2019-09-16 12:25:00,299.7050,299.6500,299.7025,299.6900,234432
2019-09-16 12:20:00,299.7900,299.6700,299.7700,299.7100,163421
2019-09-16 12:15:00,299.8150,299.7300,299.7411,299.7737,613383
2019-09-16 12:10:00,299.7450,299.6550,299.7000,299.7450,408549
2019-09-16 12:05:00,299.7600,299.4800,299.5300,299.7100,684848
2019-09-16 12:00:00,299.9100,299.4700,299.8700,299.5300,824422
2019-09-16 11:55:00,299.8900,299.6500,299.7700,299.8751,447111
2019-09-16 11:50:00,299.9700,299.7500,299.9400,299.7800,515788
2019-09-16 11:45:00,300.0800,299.8950,300.0800,299.9400,810647
2019-09-16 11:40:00,300.2000,300.0200,300.0600,300.1000,529617
2019-09-16 11:35:00,300.4000,300.0400,300.3500,300.0600,280107
2019-09-16 11:30:00,300.5400,300.2700,300.3300,300.3600,335139
2019-09-16 11:25:00,300.4100,300.2300,300.3700,300.3216,166987
2019-09-16 11:20:00,300.5500,300.3400,300.4300,300.3700,349829
2019-09-16 11:15:00,300.4900,300.4100,300.4600,300.4300,588984
2019-09-16 11:10:00,300.5200,300.0400,300.0600,300.4600,516168
2019-09-16 11:05:00,300.0550,299.9650,300.0250,300.0550,807593
2019-09-16 11:00:00,300.1700,299.8100,299.8300,300.0000,529575
2019-09-16 10:55:00,300.2000,299.8100,299.9700,299.8400,329024
2019-09-16 10:50:00,300.1500,299.9600,300.0700,299.9600,398329
2019-09-16 10:45:00,300.2200,299.9400,300.0500,300.0600,511853
2019-09-16 10:40:00,300.1100,299.9400,300.0700,300.0450,323346
2019-09-16 10:35:00,300.1300,299.9850,300.1000,300.0699,558608
2019-09-16 10:30:00,300.5000,300.0700,300.4600,300.0900,436011
2019-09-16 10:25:00,300.5000,300.3000,300.3300,300.4700,320484
2019-09-16 10:20:00,300.5200,300.2500,300.3000,300.3300,286223
2019-09-16 10:15:00,300.5200,300.2600,300.3900,300.3200,514299
2019-09-16 10:10:00,300.5700,300.3900,300.4600,300.3900,578012
2019-09-16 10:05:00,300.5300,300.3600,300.5000,300.4600,691806
2019-09-16 10:00:00,300.5400,300.3900,300.4600,300.5100,493869
2019-09-16 09:55:00,300.5600,300.0800,300.0900,300.4500,563237
2019-09-16 09:50:00,300.2800,300.0100,300.2400,300.0900,668990
2019-09-16 09:45:00,300.3600,299.8700,300.0500,300.2400,1272575
2019-09-16 09:40:00,300.3100,299.9200,300.0900,300.0207,1231676
2019-09-16 09:35:00,300.1800,299.7400,299.8400,300.0907,0
2019-09-13 16:00:00,301.3900,301.0000,301.1700,301.0500,3334721
2019-09-13 15:55:00,301.2550,301.1650,301.2500,301.1650,1835724
2019-09-13 15:50:00,301.2650,301.1200,301.1900,301.2600,1054644
2019-09-13 15:45:00,301.1800,301.0200,301.0500,301.1800,1326503
2019-09-13 15:40:00,301.1600,301.0300,301.0318,301.0500,626674
2019-09-13 15:35:00,301.0500,300.9400,300.9800,301.0350,486628
2019-09-13 15:30:00,300.9900,300.9230,300.9303,300.9863,399587
2019-09-13 15:25:00,300.9400,300.7200,300.7700,300.9363,608026
2019-09-13 15:20:00,300.8400,300.6800,300.8200,300.7700,575233
2019-09-13 15:15:00,300.9400,300.7501,300.8000,300.8300,525105
2019-09-13 15:10:00,301.0600,300.7900,301.0300,300.8150,471169
2019-09-13 15:05:00,301.2500,300.9800,301.2400,301.0300,403120
2019-09-13 15:00:00,301.3000,301.1950,301.2100,301.2300,349155
2019-09-13 14:55:00,301.3000,301.1400,301.1500,301.2100,190349
2019-09-13 14:50:00,301.3100,301.1200,301.3100,301.1500,116234
2019-09-13 14:45:00,301.3600,301.2100,301.2400,301.3200,266519
2019-09-13 14:40:00,301.2900,301.2300,301.2800,301.2450,202318
2019-09-13 14:35:00,301.3250,301.1999,301.2200,301.3000,249640
2019-09-13 14:30:00,301.2365,301.0800,301.2250,301.2100,517952
2019-09-13 14:25:00,301.2400,301.0500,301.1100,301.2300,450069
2019-09-13 14:20:00,301.2600,301.0600,301.2400,301.1200,364671
2019-09-13 14:15:00,301.3800,301.2100,301.3650,301.2400,758800
2019-09-13 14:10:00,301.4000,301.2500,301.2600,301.3700,280688
2019-09-13 14:05:00,301.3000,301.1300,301.1436,301.2565,686499
2019-09-13 14:00:00,301.4800,301.1400,301.4500,301.1400,480436
2019-09-13 13:55:00,301.4700,301.3400,301.3450,301.4600,991787
2019-09-13 13:50:00,301.3400,301.0800,301.1100,301.3400,1665468
2019-09-13 13:45:00,301.3400,301.0200,301.3350,301.1200,810521
2019-09-13 13:40:00,301.4400,301.3000,301.4100,301.3300,435093
2019-09-13 13:35:00,301.4800,301.4000,301.4700,301.4000,273067
2019-09-13 13:30:00,301.4800,301.4300,301.4500,301.4700,141563
2019-09-13 13:25:00,301.5500,301.4500,301.5500,301.4500,171116
2019-09-13 13:20:00,301.6100,301.5200,301.5400,301.5500,240524
2019-09-13 13:15:00,301.5480,301.4600,301.4800,301.5331,333897
2019-09-13 13:10:00,301.5000,301.3200,301.3300,301.4800,610037
2019-09-13 13:05:00,301.4100,301.3250,301.3900,301.3300,730360
2019-09-13 13:00:00,301.4650,301.3900,301.4400,301.4000,162022
2019-09-13 12:55:00,301.4800,301.3150,301.3400,301.4300,386312
2019-09-13 12:50:00,301.4450,301.3000,301.4400,301.3400,330019
2019-09-13 12:45:00,301.4900,301.3700,301.4800,301.4300,212051
2019-09-13 12:40:00,301.5500,301.4400,301.4400,301.4900,472683
2019-09-13 12:35:00,301.4380,301.3350,301.3900,301.4378,243482
2019-09-13 12:30:00,301.4850,301.3600,301.4700,301.3900,857819
2019-09-13 12:25:00,301.7150,301.4200,301.7100,301.4700,457703
2019-09-13 12:20:00,301.7390,301.6930,301.7300,301.7149,267579
2019-09-13 12:15:00,301.8000,301.6600,301.7850,301.7300,449772
2019-09-13 12:10:00,301.8600,301.7000,301.7000,301.7875,1746106
2019-09-13 12:05:00,301.7150,301.4800,301.5700,301.6900,1551848
2019-09-13 12:00:00,301.6900,301.5650,301.6500,301.5650,1045100
2019-09-13 11:55:00,301.7800,301.6400,301.7400,301.6400,318968
2019-09-13 11:50:00,301.7300,301.6100,301.6900,301.7300,2001951
2019-09-13 11:45:00,301.6800,301.5600,301.6000,301.6800,327397
2019-09-13 11:40:00,301.7100,301.5500,301.6800,301.5950,562229
2019-09-13 11:35:00,301.7600,301.6300,301.7050,301.6300,358390
2019-09-13 11:30:00,302.0100,301.5500,301.9650,301.7100,980119
2019-09-13 11:25:00,302.0800,301.9200,302.0780,301.9600,906336
2019-09-13 11:20:00,302.0600,301.9900,302.0300,302.0600,920383
2019-09-13 11:15:00,302.1400,302.0500,302.1200,302.1100,562176
2019-09-13 11:10:00,302.1700,301.7800,301.8400,302.1100,916922
2019-09-13 11:05:00,301.9300,301.8200,301.8400,301.8500,390353
2019-09-13 11:00:00,301.9100,301.8400,301.9000,301.8400,310328
2019-09-13 10:55:00,301.9400,301.7750,301.8000,301.8800,544752
2019-09-13 10:50:00,301.8600,301.6000,301.6700,301.8000,1499575
2019-09-13 10:45:00,301.7100,301.6600,301.7000,301.6600,363750
2019-09-13 10:40:00,301.8000,301.5500,301.7200,301.7000,604391
2019-09-13 10:35:00,301.8500,301.6900,301.7900,301.7100,478205
2019-09-13 10:30:00,301.9500,301.7300,301.7400,301.7800,433848
2019-09-13 10:25:00,301.7800,301.6400,301.6400,301.7200,557538
2019-09-13 10:20:00,301.6800,301.2500,301.3400,301.6400,927386
2019-09-13 10:15:00,301.4200,301.3000,301.3400,301.3400,666802
2019-09-13 10:10:00,301.6200,301.3100,301.5400,301.3300,553904
2019-09-13 10:05:00,301.7400,301.4800,301.6500,301.5300,609291
2019-09-13 10:00:00,301.9100,301.4400,301.8800,301.6800,627025
2019-09-13 09:55:00,302.0100,301.8000,301.8200,301.8800,1176362
2019-09-13 09:50:00,301.9600,301.6700,301.8200,301.8200,820472
2019-09-13 09:45:00,301.8700,301.6500,301.7500,301.8300,1026522
2019-09-13 09:40:00,301.8400,301.4500,301.4800,301.7500,1084368
2019-09-13 09:35:00,301.8850,301.4300,301.7800,301.4809,2321942
2019-09-12 16:00:00,301.6600,301.1500,301.6400,301.2700,2929874
2019-09-12 15:55:00,301.6500,301.5500,301.5900,301.6500,2026258
2019-09-12 15:50:00,301.8900,301.5900,301.8116,301.6100,1419613
2019-09-12 15:45:00,301.9201,301.6800,301.9201,301.8000,909493
2019-09-12 15:40:00,302.0100,301.9200,301.9300,301.9200,769807
2019-09-12 15:35:00,302.0900,301.8200,301.9100,301.9400,585753
2019-09-12 15:30:00,302.0500,301.8800,302.0350,301.9000,725703
2019-09-12 15:25:00,302.0800,301.8800,301.9000,302.0300,407677
2019-09-12 15:20:00,302.0000,301.8900,301.9700,301.9000,362527
2019-09-12 15:15:00,302.0200,301.9200,301.9910,301.9800,273317
2019-09-12 15:10:00,302.0300,301.9850,301.9900,302.0000,1418671
2019-09-12 15:05:00,302.1900,302.0000,302.1500,302.0000,357016
2019-09-12 15:00:00,302.2200,302.1000,302.1800,302.1500,309333
2019-09-12 14:55:00,302.2700,302.1900,302.2100,302.1900,188067
2019-09-12 14:50:00,302.2800,302.2000,302.2328,302.2000,204795
2019-09-12 14:45:00,302.4200,302.2100,302.2200,302.2300,673306
2019-09-12 14:40:00,302.2600,302.1000,302.1350,302.2200,428500
2019-09-12 14:35:00,302.1500,301.9700,302.0300,302.1400,690512
2019-09-12 14:30:00,302.0300,301.9200,301.9700,302.0300,303479
2019-09-12 14:25:00,302.0500,301.8700,302.0300,301.9600,1204020
2019-09-12 14:20:00,302.0300,301.9500,302.0000,302.0200,559702
2019-09-12 14:15:00,302.1000,301.9550,301.9900,302.0000,768288
2019-09-12 14:10:00,302.0403,301.9000,302.0402,301.9800,1015563
2019-09-12 14:05:00,302.2300,301.9600,302.1900,302.0400,654768
2019-09-12 14:00:00,302.2900,302.1800,302.2700,302.1800,218555
2019-09-12 13:55:00,302.3700,302.2200,302.2376,302.2600,324609
2019-09-12 13:50:00,302.2600,302.1970,302.2200,302.2300,411846
2019-09-12 13:45:00,302.2700,302.0300,302.0800,302.2250,447193
2019-09-12 13:40:00,302.2200,302.0700,302.1600,302.0700,225754
2019-09-12 13:35:00,302.1800,302.0600,302.0700,302.1700,784963
2019-09-12 13:30:00,302.0900,301.9900,302.0500,302.0700,282594
2019-09-12 13:25:00,302.1100,302.0400,302.0500,302.0500,247102
2019-09-12 13:20:00,302.1500,301.9900,302.1000,302.0500,288736
2019-09-12 13:15:00,302.2100,302.0800,302.1600,302.1100,1362991
2019-09-12 13:10:00,302.3800,302.1100,302.2750,302.1500,626500
2019-09-12 13:05:00,302.4600,302.0500,302.0500,302.2750,899573
2019-09-12 13:00:00,302.0650,302.0100,302.0200,302.0500,422615
2019-09-12 12:55:00,302.0200,301.9200,301.9400,302.0200,304225
2019-09-12 12:50:00,302.0000,301.8800,301.8900,301.9400,542418
2019-09-12 12:45:00,301.9000,301.6900,301.7400,301.8850,305633
2019-09-12 12:40:00,301.8300,301.7400,301.7900,301.7500,212339
2019-09-12 12:35:00,301.8400,301.6900,301.7350,301.7900,416242
2019-09-12 12:30:00,301.8000,301.5550,301.5700,301.7300,465349
2019-09-12 12:25:00,301.6500,301.5101,301.5200,301.5700,739460
2019-09-12 12:20:00,301.6100,301.4500,301.5900,301.5200,371557
2019-09-12 12:15:00,301.6600,301.5400,301.5400,301.6000,398724
2019-09-12 12:10:00,301.7000,301.4700,301.6500,301.5200,346146
2019-09-12 12:05:00,301.8000,301.6400,301.7800,301.6400,493146
2019-09-12 12:00:00,301.7900,301.6400,301.7300,301.7900,424385
2019-09-12 11:55:00,301.7800,301.6600,301.6600,301.7500,458840
2019-09-12 11:50:00,301.7000,301.5935,301.6100,301.6700,464164
2019-09-12 11:45:00,301.6300,301.4100,301.4350,301.6000,912335
2019-09-12 11:40:00,301.4550,301.4100,301.4350,301.4300,322078
2019-09-12 11:35:00,301.5300,301.4400,301.4900,301.4400,413780
2019-09-12 11:30:00,301.5400,301.4200,301.5000,301.4800,834329
2019-09-12 11:25:00,301.5400,301.2300,301.3400,301.5000,536533
2019-09-12 11:20:00,301.3600,301.1000,301.1200,301.3400,537299
2019-09-12 11:15:00,301.1100,300.9800,300.9985,301.1100,675847
2019-09-12 11:10:00,301.0300,300.6500,300.8500,300.9750,413376
2019-09-12 11:05:00,300.8700,300.6800,300.8400,300.8700,1065198
2019-09-12 11:00:00,301.0500,300.8400,300.8700,300.8400,1330522
2019-09-12 10:55:00,302.2115,300.7202,301.8949,300.8949,5072998
2019-09-12 10:50:00,301.9150,301.6800,301.7900,301.8800,605466
2019-09-12 10:45:00,301.9600,301.6300,301.8200,301.7900,524923
2019-09-12 10:40:00,301.8800,301.5850,301.8150,301.8200,688347
2019-09-12 10:35:00,302.0600,301.8200,302.0200,301.8200,894320
2019-09-12 10:30:00,302.1100,301.8300,301.8800,302.0000,926561
2019-09-12 10:25:00,302.2900,301.7200,301.7750,301.8900,1495387
2019-09-12 10:20:00,302.1200,301.4800,301.5500,301.7700,1565133
2019-09-12 10:15:00,302.3700,300.7800,300.8746,301.5400,4579615
2019-09-12 10:10:00,301.0400,300.8500,301.0200,300.8800,368404
2019-09-12 10:05:00,301.0400,300.6700,300.9100,301.0100,842510
2019-09-12 10:00:00,300.9700,300.5900,300.6400,300.8900,1059558
2019-09-12 09:55:00,300.7100,300.4100,300.5300,300.6400,1492239
2019-09-12 09:50:00,301.0000,300.4700,300.8617,300.5200,2162862
2019-09-12 09:45:00,301.5400,300.8300,301.4250,300.8618,1616716
2019-09-12 09:40:00,301.6500,301.2100,301.6100,301.4200,1188183
2019-09-12 09:35:00,301.6600,301.1000,301.2500,301.6000,3903414
2019-09-11 16:00:00,300.3100,299.9300,300.1400,300.0200,1963290
2019-09-11 15:55:00,300.1400,299.7700,299.7700,300.1300,2718179
2019-09-11 15:50:00,299.8250,299.5600,299.8200,299.7750,1027102
2019-09-11 15:45:00,299.9700,299.7900,299.8800,299.8250,1238896
2019-09-11 15:40:00,299.9400,299.7000,299.7700,299.8900,2031583
2019-09-11 15:35:00,299.7900,299.6800,299.6850,299.7701,505664
2019-09-11 15:30:00,299.7600,299.6500,299.7000,299.6900,784963
2019-09-11 15:25:00,299.7700,299.6600,299.6600,299.6950,547286
2019-09-11 15:20:00,299.7100,299.6000,299.6325,299.6600,303207
2019-09-11 15:15:00,299.6600,299.5981,299.6000,299.6400,314677
2019-09-11 15:10:00,299.6500,299.5700,299.6400,299.6100,460237
2019-09-11 15:05:00,299.6500,299.4400,299.4500,299.6400,586096
2019-09-11 15:00:00,299.4800,299.3600,299.3700,299.4600,241488
2019-09-11 14:55:00,299.4400,299.3000,299.3900,299.3800,666889
2019-09-11 14:50:00,299.5200,299.3600,299.5000,299.3900,315434
2019-09-11 14:45:00,299.5200,299.4400,299.4500,299.5000,229100
2019-09-11 14:40:00,299.4900,299.4200,299.4630,299.4600,129735
2019-09-11 14:35:00,299.5300,299.4100,299.5000,299.4621,383026
2019-09-11 14:30:00,299.5500,299.4200,299.4750,299.4908,859356
2019-09-11 14:25:00,299.5600,299.4600,299.5150,299.4750,726994
2019-09-11 14:20:00,299.5600,299.4825,299.5535,299.5100,507103
2019-09-11 14:15:00,299.6300,299.5340,299.6300,299.5570,216507
2019-09-11 14:10:00,299.6300,299.4999,299.5000,299.6300,371363
2019-09-11 14:05:00,299.6050,299.4800,299.5900,299.4900,340714
2019-09-11 14:00:00,299.6500,299.5600,299.5900,299.6000,281726
2019-09-11 13:55:00,299.7800,299.5900,299.7400,299.6000,1196684
2019-09-11 13:50:00,299.7500,299.6700,299.6900,299.7450,244430
2019-09-11 13:45:00,299.8700,299.6250,299.8450,299.6900,622341
2019-09-11 13:40:00,299.8500,299.7600,299.7900,299.8400,236867
2019-09-11 13:35:00,299.8200,299.7250,299.7250,299.8000,272832
2019-09-11 13:30:00,299.9200,299.7100,299.8450,299.7300,326217
2019-09-11 13:25:00,299.8600,299.8100,299.8300,299.8450,1052729
2019-09-11 13:20:00,299.8600,299.7600,299.8000,299.8400,712626
2019-09-11 13:15:00,299.8100,299.7300,299.7427,299.8000,281923
2019-09-11 13:10:00,299.7800,299.6400,299.7050,299.7400,251713
2019-09-11 13:05:00,299.7800,299.6700,299.7250,299.7100,823511
2019-09-11 13:00:00,299.9000,299.6200,299.6200,299.7200,1430770
2019-09-11 12:55:00,299.6500,299.5600,299.5600,299.6300,176192
2019-09-11 12:50:00,299.6200,299.5100,299.5200,299.5600,243925
2019-09-11 12:45:00,299.5500,299.4800,299.5400,299.5268,264767
2019-09-11 12:40:00,299.5900,299.5200,299.5400,299.5500,238141
2019-09-11 12:35:00,299.5700,299.4700,299.4900,299.5390,1672384
2019-09-11 12:30:00,299.5300,299.4600,299.5300,299.4900,1549354
2019-09-11 12:25:00,299.5675,299.4950,299.5300,299.5300,376151
2019-09-11 12:20:00,299.6000,299.4800,299.5900,299.5300,272981
2019-09-11 12:15:00,299.6100,299.5500,299.5700,299.5900,434077
2019-09-11 12:10:00,299.7100,299.5600,299.5800,299.5700,722265
2019-09-11 12:05:00,299.5800,299.4300,299.4300,299.5700,458779
2019-09-11 12:00:00,299.4600,299.3200,299.3500,299.4300,493706
2019-09-11 11:55:00,299.3900,299.1800,299.2000,299.3550,404320
2019-09-11 11:50:00,299.3300,299.1700,299.3100,299.2100,408918
2019-09-11 11:45:00,299.3200,299.1600,299.2700,299.3100,431321
2019-09-11 11:40:00,299.4100,299.2100,299.3301,299.2700,791223
2019-09-11 11:35:00,299.3600,299.0600,299.0600,299.3300,963247
2019-09-11 11:30:00,299.1800,298.9800,299.1150,299.0500,537758
2019-09-11 11:25:00,299.1800,298.9800,299.0100,299.1148,2101982
2019-09-11 11:20:00,299.0500,298.9600,298.9700,299.0100,189439
2019-09-11 11:15:00,299.0200,298.9200,298.9400,298.9700,210623
2019-09-11 11:10:00,299.0200,298.9100,299.0200,298.9300,322149
2019-09-11 11:05:00,299.1300,298.9900,299.0700,299.0200,375434
2019-09-11 11:00:00,299.0900,298.9400,298.9500,299.0600,322104
2019-09-11 10:55:00,299.0024,298.8300,298.8400,298.9600,504245
2019-09-11 10:50:00,299.0600,298.7800,299.0200,298.8400,591810
2019-09-11 10:45:00,299.0800,298.9100,299.0300,299.0200,766498
2019-09-11 10:40:00,299.1000,298.9000,298.9100,299.0200,674730
2019-09-11 10:35:00,299.0800,298.8700,298.9600,298.8900,905680
2019-09-11 10:30:00,298.9700,298.8000,298.9100,298.9100,1084770
2019-09-11 10:25:00,299.0500,298.8100,298.8900,298.9200,516369
2019-09-11 10:20:00,298.9810,298.8300,298.9700,298.8800,730849
2019-09-11 10:15:00,299.0000,298.5900,298.6250,298.9700,723407
2019-09-11 10:10:00,298.6900,298.5250,298.6150,298.6250,346015
2019-09-11 10:05:00,298.7400,298.5000,298.5800,298.6100,638863
2019-09-11 10:00:00,298.6800,298.4500,298.6600,298.5700,1191452
2019-09-11 09:55:00,298.8700,298.5900,298.8300,298.6300,900516
2019-09-11 09:50:00,298.9500,298.4000,298.4000,298.8300,1367388
2019-09-11 09:45:00,298.5000,298.2500,298.3700,298.3900,567560
2019-09-11 09:40:00,298.4300,297.8300,297.9800,298.3600,1059785
2019-09-11 09:35:00,298.5100,297.7500,298.4000,297.9900,0
2019-09-10 16:00:00,298.2000,297.2650,297.2650,298.2000,3486044
2019-09-10 15:55:00,297.3000,297.2000,297.2100,297.2650,1136315
2019-09-10 15:50:00,297.3500,297.1800,297.2180,297.2100,992029
2019-09-10 15:45:00,297.2400,296.9300,296.9300,297.2250,602407
2019-09-10 15:40:00,297.0200,296.9300,296.9520,296.9300,431370
2019-09-10 15:35:00,297.0400,296.8100,296.8450,296.9600,460564
2019-09-10 15:30:00,296.8500,296.6900,296.6900,296.8450,243628
2019-09-10 15:25:00,296.9200,296.6600,296.9200,296.7000,618249
2019-09-10 15:20:00,296.9200,296.8000,296.8050,296.9200,230475
2019-09-10 15:15:00,296.9100,296.7600,296.7716,296.8100,406016
2019-09-10 15:10:00,296.9800,296.7500,296.9800,296.7800,911499
2019-09-10 15:05:00,296.9900,296.7600,296.7900,296.9700,332253
2019-09-10 15:00:00,296.8700,296.7300,296.7500,296.8000,360699
2019-09-10 14:55:00,296.7500,296.5150,296.5750,296.7405,386846
2019-09-10 14:50:00,296.7600,296.5500,296.6800,296.5873,394339
2019-09-10 14:45:00,296.8400,296.6200,296.8100,296.6750,329243
2019-09-10 14:40:00,296.9800,296.7100,296.9700,296.8100,363610
2019-09-10 14:35:00,296.9800,296.7300,296.7600,296.9700,307441
2019-09-10 14:30:00,297.0000,296.7400,296.8700,296.7600,295261
2019-09-10 14:25:00,296.9600,296.7400,296.8200,296.8900,314867
2019-09-10 14:20:00,296.8750,296.7300,296.8200,296.8200,347034
2019-09-10 14:15:00,297.0400,296.7911,296.9850,296.8100,222225
2019-09-10 14:10:00,297.1300,296.8700,296.9900,296.9900,317058
2019-09-10 14:05:00,297.2800,296.9750,297.1600,296.9769,373919
2019-09-10 14:00:00,297.4700,297.1600,297.4000,297.1700,191714
2019-09-10 13:55:00,297.5500,297.3600,297.3700,297.4000,325464
2019-09-10 13:50:00,297.4200,297.1900,297.2100,297.3700,164649
2019-09-10 13:45:00,297.3750,297.2000,297.3400,297.2100,200380
2019-09-10 13:40:00,297.4200,297.3200,297.3400,297.3500,198764
2019-09-10 13:35:00,297.4100,297.1700,297.1700,297.3400,235060
2019-09-10 13:30:00,297.2700,297.1600,297.2600,297.1800,123283
2019-09-10 13:25:00,297.2800,297.0500,297.0900,297.2700,203902
2019-09-10 13:20:00,297.4000,296.9400,297.3800,297.0900,689207
2019-09-10 13:15:00,297.3900,297.2700,297.3100,297.3800,227875
2019-09-10 13:10:00,297.5000,297.2400,297.4527,297.3000,401038
2019-09-10 13:05:00,297.6600,297.4100,297.6000,297.4500,377111
2019-09-10 13:00:00,297.7900,297.5700,297.7400,297.6100,290252
2019-09-10 12:55:00,297.7900,297.6332,297.6700,297.7435,835818
2019-09-10 12:50:00,297.7100,297.4400,297.4400,297.6700,571325
2019-09-10 12:45:00,297.4700,297.3100,297.3500,297.4300,787003
2019-09-10 12:40:00,297.4900,297.3300,297.3450,297.3500,298579
2019-09-10 12:35:00,297.4700,297.3300,297.4300,297.3450,387272
2019-09-10 12:30:00,297.5000,297.3700,297.4700,297.4200,544032
2019-09-10 12:25:00,297.5900,297.1750,297.1800,297.4702,718015
2019-09-10 12:20:00,297.1800,296.9600,296.9600,297.1800,381426
2019-09-10 12:15:00,297.0600,296.7400,296.8200,296.9600,340848
2019-09-10 12:10:00,296.8500,296.5300,296.5700,296.8200,689131
2019-09-10 12:05:00,296.9600,296.4600,296.9100,296.4800,595235
2019-09-10 12:00:00,297.2200,296.8100,297.1500,296.9100,1277773
2019-09-10 11:55:00,297.2600,296.8500,296.8500,297.1500,1823637
2019-09-10 11:50:00,296.9900,296.2000,296.2200,296.8400,1554891
2019-09-10 11:45:00,296.2999,296.1400,296.2700,296.2350,258457
2019-09-10 11:40:00,296.3100,296.1400,296.2400,296.2735,310886
2019-09-10 11:35:00,296.3400,296.0923,296.1900,296.2500,349597
2019-09-10 11:30:00,296.3000,296.0800,296.2600,296.1900,312460
2019-09-10 11:25:00,296.4300,296.1800,296.3600,296.2700,292733
2019-09-10 11:20:00,296.6300,296.3100,296.5600,296.3500,217276
2019-09-10 11:15:00,296.5900,296.3600,296.5200,296.5600,1012098
2019-09-10 11:10:00,296.5199,296.3700,296.4500,296.4300,270283
2019-09-10 11:05:00,296.5200,296.2100,296.2400,296.4300,673121
2019-09-10 11:00:00,296.4000,296.1400,296.3200,296.2400,549871
2019-09-10 10:55:00,296.7000,296.2750,296.5400,296.3100,596417
2019-09-10 10:50:00,296.6200,296.4200,296.5600,296.5479,203177
2019-09-10 10:45:00,296.6600,296.4100,296.4600,296.5400,512279
2019-09-10 10:40:00,296.8200,296.4200,296.5800,296.4600,760594
2019-09-10 10:35:00,296.8150,296.4900,296.7300,296.5900,1135913
2019-09-10 10:30:00,296.7600,296.5500,296.6100,296.7400,692225
2019-09-10 10:25:00,296.6900,296.2600,296.3100,296.6014,611022
2019-09-10 10:20:00,296.5100,296.1500,296.1750,296.3300,666898
2019-09-10 10:15:00,296.3200,295.9700,296.1800,296.1800,1655739
2019-09-10 10:10:00,296.4500,296.0900,296.3500,296.1880,1259114
2019-09-10 10:05:00,296.4800,296.2000,296.3200,296.3600,761511
2019-09-10 10:00:00,296.4300,296.0700,296.1000,296.3300,1540180
2019-09-10 09:55:00,296.5699,296.0900,296.5650,296.1100,927376
2019-09-10 09:50:00,296.6300,296.2400,296.3700,296.5700,1463383
2019-09-10 09:45:00,296.6300,296.1300,296.6300,296.3754,2486964
2019-09-10 09:40:00,296.9400,296.6000,296.8700,296.6300,1303202
2019-09-10 09:35:00,297.4200,296.7600,297.3600,296.8700,2598979
2019-09-09 16:00:00,298.2400,298.0000,298.1400,298.1400,3026343
2019-09-09 15:55:00,298.2300,298.0300,298.0600,298.1400,1370503
2019-09-09 15:50:00,298.1800,297.9600,298.0300,298.0600,1106246
2019-09-09 15:45:00,298.0800,297.9750,298.0600,298.0350,816048
2019-09-09 15:40:00,298.0800,297.8100,297.9300,298.0650,551510
2019-09-09 15:35:00,297.9900,297.8500,297.9700,297.9350,603314
2019-09-09 15:30:00,298.0400,297.9300,298.0100,297.9700,525324
2019-09-09 15:25:00,298.1100,297.9800,298.0900,298.0000,624372
2019-09-09 15:20:00,298.1000,297.9600,298.0200,298.1000,671888
2019-09-09 15:15:00,298.0300,297.6700,297.6950,298.0200,680805
2019-09-09 15:10:00,297.8400,297.6702,297.8200,297.6900,381859
2019-09-09 15:05:00,297.9000,297.4800,297.6000,297.8367,870091
2019-09-09 15:00:00,297.7000,297.5500,297.5500,297.6100,214732
2019-09-09 14:55:00,297.7400,297.5200,297.7200,297.5400,1111420
2019-09-09 14:50:00,297.7700,297.6600,297.6947,297.7200,266000
2019-09-09 14:45:00,297.7600,297.5800,297.6600,297.6950,358073
2019-09-09 14:40:00,297.7500,297.5600,297.7500,297.6700,435376
2019-09-09 14:35:00,297.7771,297.4200,297.4900,297.7500,407730
2019-09-09 14:30:00,297.5600,297.4600,297.5000,297.5000,337944
2019-09-09 14:25:00,297.6250,297.4800,297.5900,297.5100,458880
2019-09-09 14:20:00,297.7301,297.5500,297.6200,297.5900,318969
2019-09-09 14:15:00,297.6950,297.5500,297.6900,297.6200,443282
2019-09-09 14:10:00,297.9000,297.6700,297.9000,297.7000,190234
2019-09-09 14:05:00,297.9100,297.7600,297.8001,297.8975,296978
2019-09-09 14:00:00,297.9100,297.7900,297.8400,297.8000,183552
2019-09-09 13:55:00,297.8900,297.7500,297.7700,297.8300,288025
2019-09-09 13:50:00,297.7800,297.5000,297.5400,297.7700,334024
2019-09-09 13:45:00,297.6550,297.4650,297.5900,297.5403,508183
2019-09-09 13:40:00,297.6000,297.3900,297.5400,297.5900,370402
2019-09-09 13:35:00,297.6500,297.4100,297.5950,297.5400,815521
2019-09-09 13:30:00,297.7216,297.5600,297.6500,297.6000,293586
2019-09-09 13:25:00,297.8500,297.6400,297.8150,297.6500,313471
2019-09-09 13:20:00,297.9000,297.8000,297.8150,297.8200,176041
2019-09-09 13:15:00,297.9700,297.7900,297.9500,297.8100,174025
2019-09-09 13:10:00,297.9700,297.8100,297.9200,297.9600,229369
2019-09-09 13:05:00,297.9900,297.8500,297.9200,297.9200,366952
2019-09-09 13:00:00,297.9700,297.8000,297.8001,297.9300,334671
2019-09-09 12:55:00,297.8300,297.4700,297.5050,297.8000,1143648
2019-09-09 12:50:00,297.6800,297.4650,297.5900,297.5050,729174
2019-09-09 12:45:00,297.6000,297.4000,297.4000,297.5950,373315
2019-09-09 12:40:00,297.6200,297.1600,297.6200,297.4000,1376424
2019-09-09 12:35:00,297.7500,297.5200,297.7400,297.6300,475819
2019-09-09 12:30:00,297.9600,297.6700,297.9550,297.7500,574907
2019-09-09 12:25:00,298.0500,297.9000,298.0050,297.9600,1561334
2019-09-09 12:20:00,298.2300,297.9800,298.1900,298.0100,639048
2019-09-09 12:15:00,298.3800,298.1500,298.3300,298.1800,542255
2019-09-09 12:10:00,298.4800,298.3000,298.4200,298.3300,619196
2019-09-09 12:05:00,298.5600,298.3700,298.5200,298.4100,321422
2019-09-09 12:00:00,298.5800,298.4900,298.4900,298.5200,228615
2019-09-09 11:55:00,298.5200,298.4225,298.4800,298.4800,679549
2019-09-09 11:50:00,298.5000,298.4300,298.4950,298.4850,705675
2019-09-09 11:45:00,298.6100,298.4200,298.5600,298.5000,318355
2019-09-09 11:40:00,298.7300,298.5700,298.6900,298.5700,197838
2019-09-09 11:35:00,298.7400,298.6400,298.6800,298.6900,765634
2019-09-09 11:30:00,298.7200,298.6175,298.6500,298.6900,244595
2019-09-09 11:25:00,298.7600,298.6200,298.7000,298.6500,327564
2019-09-09 11:20:00,298.8000,298.6475,298.7600,298.6900,373084
2019-09-09 11:15:00,298.9000,298.6800,298.7300,298.7600,804896
2019-09-09 11:10:00,298.8800,298.6600,298.8100,298.7300,706226
2019-09-09 11:05:00,298.9000,298.7500,298.8500,298.8100,404189
2019-09-09 11:00:00,298.9100,298.7700,298.7800,298.8400,471439
2019-09-09 10:55:00,298.8500,298.6775,298.6900,298.7900,492577
2019-09-09 10:50:00,298.7800,298.6300,298.7200,298.6900,333126
2019-09-09 10:45:00,298.7700,298.6100,298.6600,298.7100,279647
2019-09-09 10:40:00,298.7350,298.6200,298.7300,298.6700,323235
2019-09-09 10:35:00,298.7700,298.5600,298.6860,298.7300,477859
2019-09-09 10:30:00,298.7600,298.5900,298.7100,298.6800,280792
2019-09-09 10:25:00,298.7700,298.4800,298.6773,298.7200,1145704
2019-09-09 10:20:00,298.7300,298.5900,298.6100,298.6800,323432
2019-09-09 10:15:00,298.7600,298.5400,298.5971,298.6100,574047
2019-09-09 10:10:00,298.6400,298.4500,298.4800,298.6000,443350
2019-09-09 10:05:00,298.5200,298.2700,298.3200,298.4800,774932
2019-09-09 10:00:00,298.5800,298.3200,298.5200,298.3200,703260
2019-09-09 09:55:00,298.7100,298.4100,298.5900,298.5180,737226
2019-09-09 09:50:00,298.7400,298.5600,298.6900,298.6000,556978
2019-09-09 09:45:00,298.7800,298.6100,298.6300,298.6900,1332826
2019-09-09 09:40:00,298.7200,298.4700,298.7100,298.6200,854201
2019-09-09 09:35:00,299.2400,298.6100,299.1400,298.7100,0
2019-09-06 16:00:00,298.2200,297.9000,298.0300,298.0800,2795747
2019-09-06 15:55:00,298.2281,298.0300,298.2100,298.0400,1994129
2019-09-06 15:50:00,298.3100,298.0900,298.2750,298.2151,1177690
2019-09-06 15:45:00,298.4800,298.2700,298.4350,298.2701,1519867
2019-09-06 15:40:00,298.6100,298.4200,298.6000,298.4400,627779
2019-09-06 15:35:00,298.7200,298.5600,298.5900,298.6000,671604
2019-09-06 15:30:00,298.6050,298.4850,298.4900,298.5900,673059
2019-09-06 15:25:00,298.5300,298.3500,298.3650,298.4900,444927
2019-09-06 15:20:00,298.4150,298.3300,298.4150,298.3700,380836
2019-09-06 15:15:00,298.4150,298.3200,298.3400,298.4100,348513
2019-09-06 15:10:00,298.4100,298.3300,298.3500,298.3461,886008
2019-09-06 15:05:00,298.4500,298.3400,298.4100,298.3500,482997
2019-09-06 15:00:00,298.4400,298.3400,298.3800,298.4100,346348
2019-09-06 14:55:00,298.4650,298.3500,298.4600,298.3800,381945
2019-09-06 14:50:00,298.4700,298.3500,298.4300,298.4700,328933
2019-09-06 14:45:00,298.5100,298.3700,298.5100,298.4300,357363
2019-09-06 14:40:00,298.5600,298.4927,298.5500,298.5100,199701
2019-09-06 14:35:00,298.5900,298.4600,298.5316,298.5500,307506
2019-09-06 14:30:00,298.5300,298.4300,298.5000,298.5250,248193
2019-09-06 14:25:00,298.5750,298.4599,298.5400,298.4900,242251
2019-09-06 14:20:00,298.5600,298.5000,298.5500,298.5300,219122
2019-09-06 14:15:00,298.5500,298.4500,298.5265,298.5500,801233
2019-09-06 14:10:00,298.5500,298.4500,298.5100,298.5250,388852
2019-09-06 14:05:00,298.6500,298.4700,298.6300,298.5020,274305
2019-09-06 14:00:00,298.6700,298.6100,298.6100,298.6300,171645
2019-09-06 13:55:00,298.6400,298.5300,298.6000,298.6050,150390
2019-09-06 13:50:00,298.6100,298.5300,298.5900,298.6000,259560
2019-09-06 13:45:00,298.6400,298.5500,298.6300,298.5900,175410
2019-09-06 13:40:00,298.6900,298.5700,298.6182,298.6395,303644
2019-09-06 13:35:00,298.7600,298.6100,298.6200,298.6200,685299
2019-09-06 13:30:00,298.6500,298.5100,298.5700,298.6300,396726
2019-09-06 13:25:00,298.5800,298.3800,298.4000,298.5717,402879
2019-09-06 13:20:00,298.5200,298.3500,298.3600,298.4000,412627
2019-09-06 13:15:00,298.3700,298.2350,298.2600,298.3500,172762
2019-09-06 13:10:00,298.4550,298.2500,298.4533,298.2600,255250
2019-09-06 13:05:00,298.4700,298.1800,298.2100,298.4500,573451
2019-09-06 13:00:00,298.2700,298.0600,298.1000,298.2100,426927
2019-09-06 12:55:00,298.1400,297.7700,298.0100,298.1050,910435
2019-09-06 12:50:00,298.2400,297.9400,298.2300,298.0300,848802
2019-09-06 12:45:00,298.3800,298.1400,298.3600,298.2400,289783
2019-09-06 12:40:00,298.3900,298.2100,298.2450,298.3500,220369
2019-09-06 12:35:00,298.3900,298.1700,298.3700,298.2400,260221
2019-09-06 12:30:00,298.4400,298.3010,298.3900,298.3600,295519
2019-09-06 12:25:00,298.4200,298.3300,298.3450,298.3900,219795
2019-09-06 12:20:00,298.3707,298.2900,298.2900,298.3450,183394
2019-09-06 12:15:00,298.3500,298.2400,298.3200,298.3000,726220
2019-09-06 12:10:00,298.3400,298.2300,298.2800,298.3200,764036
2019-09-06 12:05:00,298.3035,298.1600,298.2250,298.2800,138420
2019-09-06 12:00:00,298.3100,298.1300,298.2400,298.2200,543900
2019-09-06 11:55:00,298.3600,298.2200,298.3300,298.2200,162621
2019-09-06 11:50:00,298.4600,298.3300,298.3900,298.3350,240953
2019-09-06 11:45:00,298.4200,298.2700,298.3300,298.3800,252109
2019-09-06 11:40:00,298.4300,298.2500,298.3000,298.3400,407073
2019-09-06 11:35:00,298.4400,298.1400,298.3900,298.3000,409084
2019-09-06 11:30:00,298.4600,298.3100,298.4600,298.3900,255968
2019-09-06 11:25:00,298.4400,298.3000,298.3700,298.3950,152642
2019-09-06 11:20:00,298.4300,298.2800,298.4200,298.3700,291757
2019-09-06 11:15:00,298.5100,298.3200,298.4400,298.4200,317084
2019-09-06 11:10:00,298.5200,298.3700,298.3844,298.4300,351227
2019-09-06 11:05:00,298.4550,298.3400,298.4300,298.3900,303869
2019-09-06 11:00:00,298.5300,298.3000,298.5100,298.4200,297219
2019-09-06 10:55:00,298.6100,298.4900,298.5700,298.5100,372901
2019-09-06 10:50:00,298.6100,298.4572,298.5100,298.5601,364996
2019-09-06 10:45:00,298.5300,298.3600,298.4100,298.5100,377999
2019-09-06 10:40:00,298.4900,298.3200,298.3600,298.4000,429622
2019-09-06 10:35:00,298.5100,298.2000,298.4200,298.3600,500732
2019-09-06 10:30:00,298.4200,298.2000,298.3100,298.4100,531384
2019-09-06 10:25:00,298.3300,297.9500,298.0050,298.3000,399462
2019-09-06 10:20:00,298.3400,298.0100,298.1000,298.0100,622798
2019-09-06 10:15:00,298.1300,297.8000,297.8900,298.1000,348792
2019-09-06 10:10:00,298.2000,297.7400,297.9800,297.8600,876193
2019-09-06 10:05:00,298.0900,297.8800,297.9500,297.9600,609805
2019-09-06 10:00:00,298.1900,297.8500,298.1200,297.9600,1053214
2019-09-06 09:55:00,298.2485,298.0000,298.1600,298.1080,812997
2019-09-06 09:50:00,298.2501,297.4600,297.5000,298.1700,1445195
2019-09-06 09:45:00,297.7900,297.4200,297.6400,297.5100,886851
2019-09-06 09:40:00,297.9200,297.5502,297.8400,297.6500,1233430
2019-09-06 09:35:00,298.3400,297.8500,298.1700,297.8500,0
2019-09-05 16:00:00,298.0800,297.7100,297.9700,297.8400,3822621
2019-09-05 15:55:00,297.9900,297.7000,297.8200,297.9650,2434390
2019-09-05 15:50:00,298.0600,297.8000,298.0600,297.8200,1265442
2019-09-05 15:45:00,298.1700,298.0400,298.1150,298.0600,1081093
2019-09-05 15:40:00,298.2850,298.0800,298.2750,298.0850,984129
2019-09-05 15:35:00,298.3050,298.1900,298.2200,298.2700,1277940
2019-09-05 15:30:00,298.2400,298.1200,298.1300,298.2250,748505
2019-09-05 15:25:00,298.2000,298.0740,298.1750,298.1300,707221
2019-09-05 15:20:00,298.1800,298.0800,298.1050,298.1700,401292
2019-09-05 15:15:00,298.1200,297.9800,297.9816,298.1050,438493
2019-09-05 15:10:00,298.1000,297.9450,298.0400,297.9900,401669
2019-09-05 15:05:00,298.2700,297.9300,297.9600,298.0350,971311
2019-09-05 15:00:00,297.9900,297.8300,297.8400,297.9600,267017
2019-09-05 14:55:00,298.0000,297.8100,297.9000,297.8500,727225
2019-09-05 14:50:00,297.9400,297.7850,297.8101,297.9000,436948
2019-09-05 14:45:00,297.8200,297.6423,297.7300,297.8200,333285
2019-09-05 14:40:00,297.7900,297.6100,297.6700,297.7300,436226
2019-09-05 14:35:00,297.7600,297.6400,297.7100,297.6750,263388
2019-09-05 14:30:00,297.7400,297.5801,297.5900,297.7050,220739
2019-09-05 14:25:00,297.8550,297.5300,297.8500,297.5900,1169343
2019-09-05 14:20:00,297.9200,297.8400,297.8700,297.8600,346034
2019-09-05 14:15:00,297.9200,297.7200,297.7301,297.8695,778255
2019-09-05 14:10:00,297.7600,297.6300,297.7050,297.7400,317955
2019-09-05 14:05:00,297.7700,297.5600,297.7050,297.7150,337357
2019-09-05 14:00:00,297.7800,297.7000,297.7521,297.7100,128511
2019-09-05 13:55:00,297.8050,297.6500,297.6800,297.7600,298294
2019-09-05 13:50:00,297.7800,297.6200,297.6700,297.6700,365289
2019-09-05 13:45:00,297.7500,297.6100,297.7500,297.6700,263870
2019-09-05 13:40:00,297.7800,297.6100,297.7100,297.7400,462082
2019-09-05 13:35:00,297.8700,297.6700,297.8600,297.7130,353159
2019-09-05 13:30:00,297.9100,297.7100,297.7500,297.8501,494072
2019-09-05 13:25:00,297.7500,297.6500,297.6500,297.7500,163509
2019-09-05 13:20:00,297.7050,297.6200,297.6800,297.6500,220734
2019-09-05 13:15:00,297.7200,297.5900,297.6052,297.6700,897929
2019-09-05 13:10:00,297.7200,297.4100,297.6700,297.6032,641716
2019-09-05 13:05:00,297.9800,297.6200,297.8300,297.6700,880731
2019-09-05 13:00:00,297.8800,297.7800,297.7800,297.8300,479261
2019-09-05 12:55:00,297.8200,297.7500,297.7500,297.7800,359471
2019-09-05 12:50:00,297.9000,297.7200,297.8300,297.7500,479537
2019-09-05 12:45:00,297.8300,297.7650,297.7738,297.8300,826329
2019-09-05 12:40:00,297.8600,297.7100,297.7700,297.7700,437944
2019-09-05 12:35:00,297.7800,297.6400,297.7300,297.7700,842238
2019-09-05 12:30:00,297.8200,297.6506,297.7000,297.7200,341671
2019-09-05 12:25:00,297.9700,297.5600,297.9200,297.6900,765469
2019-09-05 12:20:00,298.1300,297.9300,298.0350,297.9300,702678
2019-09-05 12:15:00,298.1000,297.8500,297.8900,298.0350,879987
2019-09-05 12:10:00,297.9500,297.7300,297.8400,297.9000,978380
2019-09-05 12:05:00,297.9700,297.8240,297.8300,297.8400,1035453
2019-09-05 12:00:00,298.0100,297.8700,297.9800,297.9700,612299
2019-09-05 11:55:00,298.0500,297.9100,298.0400,297.9900,947467
2019-09-05 11:50:00,298.1100,297.8300,298.1100,298.0250,527803
2019-09-05 11:45:00,298.2400,298.0900,298.1700,298.1200,1183108
2019-09-05 11:40:00,298.2800,298.1300,298.1500,298.1700,1522159
2019-09-05 11:35:00,298.1550,297.9300,298.0500,298.1500,1162259
2019-09-05 11:30:00,298.0600,297.7900,297.8800,298.0500,888313
2019-09-05 11:25:00,297.9050,297.7310,297.8200,297.8700,1068958
2019-09-05 11:20:00,298.1200,297.8000,298.1050,297.8300,1298999
2019-09-05 11:15:00,298.2000,298.0100,298.0800,298.1084,615088
2019-09-05 11:10:00,298.2600,298.0400,298.2400,298.1000,1107366
2019-09-05 11:05:00,298.3800,297.8650,298.0400,298.1400,1593359
2019-09-05 11:00:00,298.2000,297.8600,298.1500,298.0500,1028830
2019-09-05 10:55:00,298.2200,298.0300,298.0600,298.1400,2656301
2019-09-05 10:50:00,298.4000,298.0100,298.3200,298.0500,1259137
2019-09-05 10:45:00,298.4400,298.2500,298.2850,298.3200,2031263
2019-09-05 10:40:00,298.5200,298.2000,298.3441,298.2850,1185047
2019-09-05 10:35:00,298.3700,298.0900,298.2000,298.3450,845069
2019-09-05 10:30:00,298.4300,298.0600,298.3600,298.2100,1775354
2019-09-05 10:25:00,298.8100,298.3600,298.8000,298.3650,1626107
2019-09-05 10:20:00,298.8300,298.2800,298.2900,298.8000,1735611
2019-09-05 10:15:00,298.3400,298.0100,298.0800,298.2899,1177342
2019-09-05 10:10:00,298.1200,297.7600,297.9300,298.0650,1810582
2019-09-05 10:05:00,298.4547,297.7842,297.8158,297.9258,2031117
2019-09-05 10:00:00,297.7800,297.5100,297.5900,297.5200,1024548
2019-09-05 09:55:00,297.7300,297.4300,297.4900,297.5800,1027245
2019-09-05 09:50:00,297.6200,297.0550,297.0600,297.3900,1574975
2019-09-05 09:45:00,297.1300,296.9100,297.0500,297.0600,816997
2019-09-05 09:40:00,297.1200,296.8000,296.8400,297.0450,1078345
2019-09-05 09:35:00,297.0000,296.6400,296.7900,296.8300,3255508
2019-09-04 16:00:00,294.0500,293.8800,293.9700,293.9600,3171277
2019-09-04 15:55:00,294.0550,293.9000,293.9500,294.0000,1973608
2019-09-04 15:50:00,293.9800,293.8400,293.8900,293.9600,901406
2019-09-04 15:45:00,293.9900,293.8600,293.9200,293.8901,867965
2019-09-04 15:40:00,293.9700,293.8400,293.9200,293.9100,1244682
2019-09-04 15:35:00,294.0200,293.7400,293.7500,293.9200,773460
2019-09-04 15:30:00,293.7900,293.6300,293.6850,293.7500,265013
2019-09-04 15:25:00,293.7400,293.6100,293.6500,293.6900,313650
2019-09-04 15:20:00,293.8800,293.6300,293.8550,293.6500,493268
2019-09-04 15:15:00,293.8900,293.6500,293.6900,293.8500,544560
2019-09-04 15:10:00,293.6950,293.6150,293.6900,293.6900,806111
2019-09-04 15:05:00,293.7000,293.5600,293.5600,293.6950,276879
2019-09-04 15:00:00,293.6400,293.5200,293.6200,293.5600,310429
2019-09-04 14:55:00,293.6490,293.5000,293.6200,293.6200,193337
2019-09-04 14:50:00,293.6900,293.5300,293.5600,293.6100,470525
2019-09-04 14:45:00,293.5900,293.4900,293.5000,293.5510,249497
2019-09-04 14:40:00,293.5400,293.4600,293.4848,293.4850,198049
2019-09-04 14:35:00,293.5300,293.3600,293.3900,293.4800,344236
2019-09-04 14:30:00,293.4100,293.2700,293.2800,293.4000,225089
2019-09-04 14:25:00,293.3000,293.2200,293.2200,293.2800,297873
2019-09-04 14:20:00,293.2500,293.0900,293.1300,293.2300,256143
2019-09-04 14:15:00,293.2700,293.0500,293.2300,293.1250,326966
2019-09-04 14:10:00,293.3300,293.2000,293.3300,293.2300,199186
2019-09-04 14:05:00,293.3500,293.1200,293.2000,293.3152,273049
2019-09-04 14:00:00,293.2500,293.1300,293.1400,293.1950,232949
2019-09-04 13:55:00,293.2586,293.1300,293.2400,293.1500,150783
2019-09-04 13:50:00,293.3300,293.1300,293.3000,293.2429,341705
2019-09-04 13:45:00,293.3700,293.2500,293.3400,293.3000,361866
2019-09-04 13:40:00,293.5200,293.3300,293.5083,293.3400,273029
2019-09-04 13:35:00,293.5900,293.5000,293.5400,293.5100,282726
2019-09-04 13:30:00,293.5500,293.4200,293.4400,293.5300,136141
2019-09-04 13:25:00,293.4500,293.3700,293.3900,293.4350,249829
2019-09-04 13:20:00,293.4500,293.3200,293.4500,293.3800,255854
2019-09-04 13:15:00,293.5700,293.4000,293.5700,293.4400,351271
2019-09-04 13:10:00,293.5900,293.4600,293.5100,293.5600,150779
2019-09-04 13:05:00,293.6000,293.4700,293.5200,293.5100,234968
2019-09-04 13:00:00,293.5800,293.4500,293.4800,293.5300,247350
2019-09-04 12:55:00,293.5646,293.4200,293.5600,293.4750,532628
2019-09-04 12:50:00,293.6000,293.3250,293.3400,293.5600,531940
2019-09-04 12:45:00,293.3750,293.2700,293.3550,293.3350,255574
2019-09-04 12:40:00,293.4000,293.2400,293.2400,293.3500,318507
2019-09-04 12:35:00,293.3600,293.2100,293.2700,293.2500,343909
2019-09-04 12:30:00,293.3000,293.2500,293.2700,293.2600,208889
2019-09-04 12:25:00,293.3550,293.2400,293.2800,293.2600,314220
2019-09-04 12:20:00,293.4680,293.2000,293.4600,293.2900,724859
2019-09-04 12:15:00,293.5000,293.3600,293.4100,293.4500,229481
2019-09-04 12:10:00,293.5100,293.4000,293.4800,293.4128,434043
2019-09-04 12:05:00,293.5100,293.4400,293.4400,293.4800,684966
2019-09-04 12:00:00,293.5000,293.4000,293.4400,293.4500,223996
2019-09-04 11:55:00,293.4800,293.3600,293.4500,293.4400,248540
2019-09-04 11:50:00,293.5000,293.3800,293.4800,293.4450,438085
2019-09-04 11:45:00,293.5100,293.3200,293.3200,293.4750,594219
2019-09-04 11:40:00,293.4300,293.2700,293.3300,293.3150,431676
2019-09-04 11:35:00,293.3500,293.1600,293.2200,293.3300,520148
2019-09-04 11:30:00,293.2500,292.9450,292.9900,293.2100,551423
2019-09-04 11:25:00,293.0800,292.8900,292.9200,292.9900,273833
2019-09-04 11:20:00,292.9600,292.6800,292.7100,292.9200,291470
2019-09-04 11:15:00,292.9500,292.6900,292.8799,292.7100,332295
2019-09-04 11:10:00,292.9000,292.7500,292.8500,292.8600,799995
2019-09-04 11:05:00,292.9700,292.8100,292.8600,292.8418,334331
2019-09-04 11:00:00,292.9000,292.6600,292.7900,292.8500,380582
2019-09-04 10:55:00,292.9000,292.6400,292.6800,292.7900,371188
2019-09-04 10:50:00,292.6800,292.4900,292.5700,292.6750,297005
2019-09-04 10:45:00,292.6500,292.5400,292.6400,292.5600,196609
2019-09-04 10:40:00,292.7900,292.6100,292.7600,292.6400,259941
2019-09-04 10:35:00,292.8200,292.6000,292.7000,292.7800,449591
2019-09-04 10:30:00,292.7300,292.4400,292.5300,292.7000,434299
2019-09-04 10:25:00,292.7400,292.5200,292.6298,292.5200,556046
2019-09-04 10:20:00,292.6400,292.3100,292.3900,292.6400,422938
2019-09-04 10:15:00,292.8000,292.3100,292.7300,292.3935,749442
2019-09-04 10:10:00,293.0700,292.7200,292.9400,292.7301,768274
2019-09-04 10:05:00,293.1500,292.8300,292.9415,292.9400,730016
2019-09-04 10:00:00,293.0200,292.8400,292.9800,292.9500,533763
2019-09-04 09:55:00,293.0600,292.8300,292.9350,292.9700,895567
2019-09-04 09:50:00,293.3900,292.9100,293.0400,292.9400,1185281
2019-09-04 09:45:00,293.3100,292.8100,293.0100,293.0400,1170676
2019-09-04 09:40:00,293.2400,292.8900,293.1300,293.0000,870593
2019-09-04 09:35:00,293.2800,293.0000,293.1400,293.1100,3465261
2019-09-03 16:00:00,290.9800,290.6800,290.9500,290.7700,2411640
2019-09-03 15:55:00,291.0600,290.7000,290.7000,290.9600,1756085
2019-09-03 15:50:00,290.9400,290.5700,290.5900,290.7100,848093
2019-09-03 15:45:00,290.7160,290.4800,290.6600,290.5800,653671
2019-09-03 15:40:00,290.7000,290.5300,290.5939,290.6517,585010
2019-09-03 15:35:00,290.6900,290.3600,290.4800,290.5900,648505
2019-09-03 15:30:00,290.5700,290.4000,290.5200,290.4750,560434
2019-09-03 15:25:00,290.6400,290.4100,290.4100,290.5100,519614
2019-09-03 15:20:00,290.4600,290.1100,290.1800,290.3950,525500
2019-09-03 15:15:00,290.2500,290.0950,290.1800,290.1701,422380
2019-09-03 15:10:00,290.1800,290.0000,290.0200,290.1800,866722
2019-09-03 15:05:00,290.2500,289.9900,290.1934,290.0350,622163
2019-09-03 15:00:00,290.2300,290.0800,290.1800,290.1900,303748
2019-09-03 14:55:00,290.2800,290.0100,290.1100,290.1895,691893
2019-09-03 14:50:00,290.1200,289.9400,290.1000,290.1000,388879
2019-09-03 14:45:00,290.1400,289.9800,290.0450,290.1000,305891
2019-09-03 14:40:00,290.1100,289.8500,289.9300,290.0400,387009
2019-09-03 14:35:00,290.1200,289.9050,290.0000,289.9100,425579
2019-09-03 14:30:00,290.0284,289.7750,289.7752,290.0000,178488
2019-09-03 14:25:00,290.0700,289.7800,289.8500,289.7800,321744
2019-09-03 14:20:00,290.0700,289.8200,290.0100,289.8600,327984
2019-09-03 14:15:00,290.1200,289.9000,289.9550,290.0200,320083
2019-09-03 14:10:00,289.9900,289.8500,289.9765,289.9550,187631
2019-09-03 14:05:00,290.0440,289.7200,289.7700,289.9700,357103
2019-09-03 14:00:00,289.8700,289.6900,289.6900,289.7800,209199
2019-09-03 13:55:00,289.9200,289.5900,289.9100,289.6800,467943
2019-09-03 13:50:00,289.9300,289.7200,289.8800,289.9200,863105
2019-09-03 13:45:00,290.0200,289.7200,289.9850,289.8700,432740
2019-09-03 13:40:00,290.0100,289.8450,289.9500,289.9800,583137
2019-09-03 13:35:00,290.2400,289.9200,290.2000,289.9550,565814
2019-09-03 13:30:00,290.2600,290.1000,290.1200,290.2000,275440
2019-09-03 13:25:00,290.3000,290.0000,290.3000,290.1200,340861
2019-09-03 13:20:00,290.4300,290.2300,290.3700,290.3053,363890
2019-09-03 13:15:00,290.4100,290.1700,290.2866,290.3700,379080
2019-09-03 13:10:00,290.3700,290.0500,290.2420,290.2800,392840
2019-09-03 13:05:00,290.5500,290.2200,290.2800,290.2400,406809
2019-09-03 13:00:00,290.3900,290.2100,290.2400,290.2800,230757
2019-09-03 12:55:00,290.6900,290.2000,290.6900,290.2400,260714
2019-09-03 12:50:00,290.7850,290.4300,290.4500,290.7100,318060
2019-09-03 12:45:00,290.6000,290.4500,290.5350,290.4900,132064
2019-09-03 12:40:00,290.5850,290.2500,290.3200,290.5400,203589
2019-09-03 12:35:00,290.4900,290.2400,290.4900,290.3200,1288912
2019-09-03 12:30:00,290.6100,290.3900,290.5200,290.5000,229812
2019-09-03 12:25:00,290.7700,290.4300,290.6700,290.5000,345996
2019-09-03 12:20:00,290.7100,290.4500,290.5700,290.6700,325882
2019-09-03 12:15:00,290.5700,290.3500,290.4050,290.5700,211822
2019-09-03 12:10:00,290.7400,290.3300,290.7300,290.4000,311238
2019-09-03 12:05:00,290.8100,290.5200,290.6250,290.7200,319544
2019-09-03 12:00:00,290.9100,290.5900,290.8700,290.6300,256612
2019-09-03 11:55:00,290.9970,290.7900,290.9970,290.8800,295219
2019-09-03 11:50:00,291.0700,290.4600,290.6100,291.0000,611509
2019-09-03 11:45:00,290.7200,290.5300,290.6300,290.6100,260992
2019-09-03 11:40:00,290.7100,290.4500,290.5000,290.6500,640993
2019-09-03 11:35:00,290.7900,290.2600,290.4200,290.5100,622800
2019-09-03 11:30:00,290.5800,290.1500,290.3500,290.4300,1462735
2019-09-03 11:25:00,290.3700,290.0616,290.1300,290.3400,533074
2019-09-03 11:20:00,290.1900,289.7900,289.8450,290.1500,598221
2019-09-03 11:15:00,290.5300,289.8495,290.5000,289.8901,829850
2019-09-03 11:10:00,290.7600,290.4300,290.4900,290.4900,671076
2019-09-03 11:05:00,290.8500,290.4900,290.8200,290.4900,755109
2019-09-03 11:00:00,290.9300,290.6300,290.7300,290.8500,815404
2019-09-03 10:55:00,290.8200,290.4200,290.5000,290.7200,629405
2019-09-03 10:50:00,290.9100,290.4500,290.4500,290.5100,729874
2019-09-03 10:45:00,290.9468,289.9900,290.0800,290.4400,1342137
2019-09-03 10:40:00,290.1700,289.8000,289.9850,290.0900,690629
2019-09-03 10:35:00,290.2500,289.7400,290.2500,289.9900,858742
2019-09-03 10:30:00,290.5581,289.7173,289.8316,290.2616,843739
2019-09-03 10:25:00,290.0200,289.7400,289.8200,289.8200,1079803
2019-09-03 10:20:00,289.9500,289.2700,289.4600,289.8300,1196459
2019-09-03 10:15:00,289.9450,289.3800,289.6500,289.4400,1364689
2019-09-03 10:10:00,290.1120,289.5715,289.7394,289.6644,1865194
2019-09-03 10:05:00,291.6200,289.7200,291.1700,289.7500,5496366
2019-09-03 10:00:00,291.6000,291.2500,291.4800,291.3500,469532
2019-09-03 09:55:00,291.5400,290.9000,290.9000,291.4900,996429
2019-09-03 09:50:00,291.3050,290.6600,291.1000,290.8850,791261
2019-09-03 09:45:00,291.3791,290.9088,290.9557,291.0957,738767
2019-09-03 09:40:00,291.0900,290.6000,290.6100,290.9500,1320719
2019-09-03 09:35:00,291.0718,290.5613,290.5776,290.6175,4822146
2019-08-30 16:00:00,293.0800,292.4200,292.5200,292.4800,6473161
2019-08-30 15:55:00,292.6300,292.3501,292.3501,292.5200,1942377
2019-08-30 15:50:00,292.4600,292.2900,292.2900,292.3500,606851
2019-08-30 15:45:00,292.4800,292.1800,292.3500,292.2900,667144
2019-08-30 15:40:00,292.5600,292.3200,292.4750,292.3400,553495
2019-08-30 15:35:00,292.5600,292.3000,292.3400,292.4700,965509
2019-08-30 15:30:00,292.4500,291.9500,291.9500,292.3300,797529
2019-08-30 15:25:00,291.9700,291.7600,291.7700,291.9500,1240470
2019-08-30 15:20:00,292.0800,291.7200,292.0100,291.7700,734508
2019-08-30 15:15:00,292.1100,291.8500,292.0900,292.0000,444023
2019-08-30 15:10:00,292.1500,292.0200,292.0500,292.0900,240398
2019-08-30 15:05:00,292.3250,291.8500,292.1600,292.0400,546795
2019-08-30 15:00:00,292.2800,292.1000,292.1400,292.1500,171631
2019-08-30 14:55:00,292.2500,292.0000,292.1400,292.1300,436521
2019-08-30 14:50:00,292.4000,292.0700,292.4000,292.1400,340453
2019-08-30 14:45:00,292.7113,292.3510,292.3622,292.4122,387994
2019-08-30 14:40:00,292.5300,292.3200,292.4900,292.3400,427097
2019-08-30 14:35:00,292.7800,292.4200,292.6750,292.4900,1158305
2019-08-30 14:30:00,292.7000,292.6100,292.6300,292.6750,191504
2019-08-30 14:25:00,292.7650,292.5900,292.7400,292.6201,675656
2019-08-30 14:20:00,292.7900,292.6300,292.7000,292.7368,339621
2019-08-30 14:15:00,292.7500,292.6000,292.6500,292.7000,296576
2019-08-30 14:10:00,292.6600,292.4900,292.5707,292.6600,754760
2019-08-30 14:05:00,292.6300,292.3800,292.3800,292.5700,426245
2019-08-30 14:00:00,292.4900,292.2800,292.3400,292.3900,451503
2019-08-30 13:55:00,292.4300,292.3200,292.4000,292.3400,321407
2019-08-30 13:50:00,292.4000,292.3300,292.3800,292.3935,8297094
2019-08-30 12:05:00,292.4750,292.2100,292.3900,292.4200,269870
2019-08-30 12:00:00,292.5900,292.2200,292.4300,292.3900,489736
2019-08-30 11:55:00,292.6300,292.3900,292.5900,292.4300,331791
2019-08-30 11:50:00,292.6236,292.3300,292.3300,292.5900,422154
2019-08-30 11:45:00,292.3600,292.1300,292.2100,292.3100,4361691
2019-08-30 11:20:00,292.1900,291.6100,292.0700,291.7800,1277019
2019-08-30 11:15:00,292.6500,291.8700,292.5400,292.0650,1046701
2019-08-30 11:10:00,292.7000,292.4200,292.4500,292.5600,537286
2019-08-30 11:05:00,293.1800,292.4100,293.0500,292.4600,993880
2019-08-30 11:00:00,293.4200,293.0700,293.3100,293.0700,417962
2019-08-30 10:55:00,293.3400,293.1700,293.1700,293.3100,3218433
2019-08-30 10:25:00,293.6000,293.4500,293.5900,293.4500,9338339
2019-08-29 16:00:00,292.6600,292.3100,292.5200,292.5700,4405806
2019-08-29 15:55:00,292.7200,292.4300,292.6750,292.5250,9080625
2019-08-29 14:30:00,292.7950,292.7400,292.7650,292.7750,46533
2019-08-29 14:25:00,292.8300,292.6250,292.7100,292.7650,399313
2019-08-29 14:20:00,293.1500,292.5800,293.1300,292.7050,1358710
2019-08-29 14:15:00,293.1600,293.0635,293.0950,293.1300,222896
2019-08-29 14:10:00,293.1400,292.9820,293.0601,293.0900,395638
2019-08-29 14:05:00,293.1300,292.9400,292.9400,293.0600,434209
2019-08-29 14:00:00,293.0700,292.8800,293.0200,292.9400,347533
2019-08-29 13:55:00,293.0300,292.8700,292.8900,293.0200,339251
2019-08-29 13:50:00,292.9200,292.8600,292.8649,292.8950,116867
2019-08-29 13:45:00,292.9600,292.8400,292.8600,292.8650,274773
2019-08-29 13:40:00,292.8800,292.5300,292.5300,292.8650,316752
2019-08-29 13:35:00,292.6800,292.5000,292.6450,292.5300,241285
2019-08-29 13:30:00,292.7600,292.6400,292.7500,292.6500,902829
2019-08-29 13:25:00,292.8300,292.7100,292.7900,292.7500,175059
2019-08-29 13:20:00,292.8100,292.6600,292.7200,292.7900,270029
2019-08-29 13:15:00,292.7800,292.6500,292.6850,292.7200,239441
2019-08-29 13:10:00,292.8350,292.6700,292.8200,292.6900,268485
2019-08-29 13:05:00,292.8300,292.6900,292.7200,292.8250,249637
2019-08-29 13:00:00,292.8200,292.7100,292.7400,292.7100,206486
2019-08-29 12:55:00,292.8000,292.5600,292.7200,292.7450,324571
2019-08-29 12:50:00,292.8200,292.6805,292.7400,292.7100,429335
2019-08-29 12:45:00,292.9000,292.7300,292.8600,292.7450,309504
2019-08-29 12:40:00,292.9100,292.6800,292.7200,292.8700,412363
2019-08-29 12:35:00,292.7400,292.5100,292.5700,292.7250,279225
2019-08-29 12:30:00,292.7250,292.5600,292.7200,292.5600,236731
2019-08-29 12:25:00,292.7400,292.6500,292.6800,292.7300,248873
2019-08-29 12:20:00,292.6900,292.5700,292.6200,292.6900,192681
2019-08-29 12:15:00,292.6650,292.4650,292.4700,292.6300,427999
2019-08-29 12:10:00,292.5668,292.4100,292.5000,292.4700,416944
2019-08-29 12:05:00,292.5900,292.3400,292.5250,292.4950,721734
2019-08-29 12:00:00,292.6800,292.4500,292.6100,292.5300,485260
2019-08-29 11:55:00,292.7300,292.5400,292.7200,292.6100,270916
2019-08-29 11:50:00,292.7200,292.5100,292.5200,292.7100,614564
2019-08-29 11:45:00,292.5400,292.4000,292.4500,292.5200,401717
2019-08-29 11:40:00,292.5800,292.3900,292.3900,292.4550,901491
2019-08-29 11:35:00,292.4300,292.1700,292.2000,292.3900,482944
2019-08-29 11:30:00,292.3000,292.1700,292.2250,292.2050,467226
2019-08-29 11:25:00,292.2500,291.9200,292.0300,292.2300,525029
2019-08-29 11:20:00,292.0700,291.8850,292.0200,292.0300,418933
2019-08-29 11:15:00,292.0800,291.7200,291.7400,292.0200,425340
2019-08-29 11:10:00,291.8800,291.6400,291.6500,291.7500,450889
2019-08-29 11:05:00,291.7800,291.6250,291.7600,291.6400,584636
2019-08-29 11:00:00,291.8100,291.3900,291.4600,291.7600,350558
2019-08-29 10:55:00,291.4900,291.1455,291.1800,291.4600,414240
2019-08-29 10:50:00,291.4400,290.9800,291.3800,291.1600,1023785
2019-08-29 10:45:00,291.6600,291.1500,291.2100,291.3900,852234
2019-08-29 10:40:00,292.3041,290.8928,291.9394,291.2394,2903662
2019-08-29 10:35:00,292.0600,291.7600,292.0200,291.9500,376494
2019-08-29 10:30:00,292.0600,291.8800,291.9600,292.0100,336242
2019-08-29 10:25:00,292.0800,291.7600,291.8600,291.9700,632067
2019-08-29 10:20:00,291.9100,291.6750,291.8200,291.8700,620960
2019-08-29 10:15:00,292.1100,291.5800,292.0800,291.8000,894290
2019-08-29 10:10:00,292.1200,291.9500,291.9550,292.0800,563825
2019-08-29 10:05:00,292.3800,291.9100,292.3200,291.9600,849638
2019-08-29 10:00:00,292.5500,292.2400,292.5200,292.3200,832087
2019-08-29 09:55:00,292.6000,292.1550,292.2800,292.5100,902142
2019-08-29 09:50:00,292.3300,291.9400,291.9400,292.2800,1120323
2019-08-29 09:45:00,292.2200,291.7100,292.0900,291.9400,2024391
2019-08-29 09:40:00,292.4500,291.9400,292.3350,292.0800,1635135
2019-08-29 09:35:00,292.4300,291.6597,291.6900,292.3400,4460606
2019-08-28 16:00:00,288.9400,288.6700,288.7700,288.8400,3519214
2019-08-28 15:55:00,288.8400,288.5550,288.7100,288.7700,1180188
2019-08-28 15:50:00,288.8100,288.5500,288.5750,288.7000,916914
2019-08-28 15:45:00,288.6900,288.5000,288.5900,288.5750,732844
2019-08-28 15:40:00,288.6900,288.4029,288.4300,288.6000,447812
2019-08-28 15:35:00,288.5400,288.2700,288.5200,288.4250,988376
2019-08-28 15:30:00,288.6200,288.5200,288.6000,288.5200,403931
2019-08-28 15:25:00,289.0300,288.5400,289.0200,288.6000,1392817
2019-08-28 15:20:00,289.0700,288.7100,288.8000,289.0200,1101058
2019-08-28 15:15:00,288.9350,288.6800,288.8500,288.8100,351671
2019-08-28 15:10:00,288.8900,288.7941,288.8500,288.8400,214989
2019-08-28 15:05:00,288.9400,288.7900,288.9400,288.8450,298145
2019-08-28 15:00:00,288.9900,288.8600,288.9200,288.9500,220192
2019-08-28 14:55:00,288.9900,288.9000,288.9200,288.9200,325812
2019-08-28 14:50:00,288.9800,288.6000,288.6100,288.9200,1152644
2019-08-28 14:45:00,288.7700,288.5900,288.7500,288.6200,329667
2019-08-28 14:40:00,288.8400,288.6800,288.7700,288.7400,731676
2019-08-28 14:35:00,288.8100,288.5000,288.5650,288.7700,472755
2019-08-28 14:30:00,288.6000,288.4700,288.5386,288.5500,170038
2019-08-28 14:25:00,288.6000,288.4250,288.5550,288.5300,212590
2019-08-28 14:20:00,288.5800,288.3800,288.3900,288.5500,202583
2019-08-28 14:15:00,288.5900,288.3800,288.5300,288.4000,982835
2019-08-28 14:10:00,288.5400,288.4000,288.4635,288.5300,168994
2019-08-28 14:05:00,288.6400,288.4116,288.4900,288.4600,422441
2019-08-28 14:00:00,288.6200,288.4300,288.5500,288.4800,324952
2019-08-28 13:55:00,288.6900,288.4400,288.6650,288.5400,290261
2019-08-28 13:50:00,288.7400,288.4900,288.6000,288.6650,501859
2019-08-28 13:45:00,288.6600,288.5400,288.6400,288.5950,121758
2019-08-28 13:40:00,288.6700,288.5000,288.5500,288.6100,285115
2019-08-28 13:35:00,288.5600,288.2700,288.4000,288.5499,406222
2019-08-28 13:30:00,288.4700,288.3000,288.3500,288.4100,184576
2019-08-28 13:25:00,288.4350,288.2400,288.2500,288.3400,793378
2019-08-28 13:20:00,288.2900,288.0200,288.0800,288.2500,345901
2019-08-28 13:15:00,288.4400,288.0000,288.4400,288.0800,768735
2019-08-28 13:10:00,288.5700,288.3800,288.5350,288.4400,198178
2019-08-28 13:05:00,288.5600,288.4700,288.5000,288.5400,329858
2019-08-28 13:00:00,288.7300,288.5000,288.5500,288.7000,322276
2019-08-28 12:55:00,288.6000,288.1900,288.2400,288.5500,420699
2019-08-28 12:50:00,288.3700,288.1700,288.1800,288.2400,373847
2019-08-28 12:45:00,288.2900,288.1700,288.2300,288.1750,314312
2019-08-28 12:40:00,288.5300,288.2000,288.4900,288.2300,1029934
2019-08-28 12:35:00,288.5100,288.3800,288.3800,288.5000,251753
2019-08-28 12:30:00,288.6100,288.3400,288.5700,288.3800,342359
2019-08-28 12:25:00,288.7600,288.5400,288.6850,288.5600,329495
2019-08-28 12:20:00,288.6850,288.3600,288.3600,288.6800,230307
2019-08-28 12:15:00,288.5300,288.3000,288.5250,288.3650,290119
2019-08-28 12:10:00,288.5900,288.4700,288.5100,288.5279,258876
2019-08-28 12:05:00,288.5400,288.4300,288.4950,288.5050,252436
2019-08-28 12:00:00,288.7300,288.4600,288.7000,288.5000,1032133
2019-08-28 11:55:00,288.8000,288.5700,288.5900,288.7700,288014
2019-08-28 11:50:00,288.7800,288.5200,288.6100,288.5900,1263093
2019-08-28 11:45:00,288.6900,288.4300,288.4600,288.6100,299473
2019-08-28 11:40:00,288.5500,288.3200,288.3736,288.4700,959579
2019-08-28 11:35:00,288.6700,288.3700,288.5000,288.3800,831889
2019-08-28 11:30:00,288.6000,288.2000,288.2500,288.5000,758804
2019-08-28 11:25:00,288.4700,287.7700,287.8300,288.2500,976463
2019-08-28 11:20:00,287.9800,287.6700,287.7500,287.8300,624047
2019-08-28 11:15:00,287.8600,287.5500,287.7400,287.7500,540205
2019-08-28 11:10:00,287.8350,287.5500,287.7150,287.7400,376509
2019-08-28 11:05:00,287.9600,287.6100,287.9200,287.7136,469026
2019-08-28 11:00:00,288.1700,287.9100,288.1500,287.9200,430038
2019-08-28 10:55:00,288.2050,287.8600,287.9000,288.1500,573066
2019-08-28 10:50:00,287.9900,287.8200,287.9800,287.9000,417650
2019-08-28 10:45:00,288.1700,287.4000,287.4500,287.9700,1039776
2019-08-28 10:40:00,287.6450,287.1600,287.2100,287.4500,629081
2019-08-28 10:35:00,287.5600,287.0700,287.0700,287.2100,834624
2019-08-28 10:30:00,287.2400,286.9100,287.0600,287.0800,639048
2019-08-28 10:25:00,287.1182,286.9600,287.0400,287.0700,642164
2019-08-28 10:20:00,287.3800,286.9800,287.2150,287.0400,534778
2019-08-28 10:15:00,287.6000,287.1800,287.5100,287.2200,610274
2019-08-28 10:10:00,287.6100,287.1000,287.1000,287.5054,1027207
2019-08-28 10:05:00,287.4000,286.9600,287.1400,287.1100,1150624
2019-08-28 10:00:00,287.2100,286.7900,286.7900,287.1400,1574497
2019-08-28 09:55:00,286.9000,286.3800,286.5900,286.7910,1040474
2019-08-28 09:50:00,286.7962,286.2357,286.2803,286.4403,1594274
2019-08-28 09:45:00,286.3500,285.5300,285.7700,286.2500,1180551
2019-08-28 09:40:00,286.2480,285.5173,285.5907,285.7807,2108159
2019-08-28 09:35:00,286.4500,285.5100,286.1400,285.5800,3314079
